evidence_id,analysis,prespecification_status,earliest_documented_date,first_run_date,revision,evidence_file,base_commit,new_analysis_commit,sha256
T01,Historical charged parameter grid,"Post-hoc, same-cohort tuning",2026-08-25 (archive name; exact first run unknown),not independently recoverable,2026-10-03 disclosure + sensitivity,data/processed/temporal_deployment_20260825.json,3cc3c82f42dbf1e2bb8c3c4209e078a99db7c5c7,not committed; exact file SHA-256 supplied,88d8c854c790ecb25a7bd400d7ac9109edf5d359b3fdbfe1bc8f5e6cca005584
T02,Fold-clean primary comparison,Retrospective rerun; later protocol freeze does not preregister it,2026-09-29 (script header); retained archive dated 2026-10-01,not independently recoverable,No outcome replacement this revision,data/run_sop_unified_ci_leakfree.py,3cc3c82f42dbf1e2bb8c3c4209e078a99db7c5c7,not committed; exact file SHA-256 supplied,d8c24fae0c4c8cfaf1208b41f60eaa1a77b1452b0cef9d7242de551fef3fd6ff
T03,Working analysis protocol,Frozen retrospectively on 2026-10-01; earlier results already available,2026-10-01 (protocol text),not independently recoverable,v0.11 narrows interpretation; no original preregistration,docs/dpr_analysis_protocol_v1.md,3cc3c82f42dbf1e2bb8c3c4209e078a99db7c5c7,not committed; exact file SHA-256 supplied,0a85c119bd32a5368baa87d353365cd2b320234ac246699b696013c98d92c5ac
T04,Unweighted full-refit bootstrap,Additional robustness analysis after historical results,2026-10-01 (artifact name); exact first run unknown,not independently recoverable,300 successful replicates retained,data/processed/homeacf_dpr_a1_fullrefit_20261001.json,3cc3c82f42dbf1e2bb8c3c4209e078a99db7c5c7,not committed; exact file SHA-256 supplied,bb64cd7c824bfe8ce4b8a5e31a1207efcf6778e51ae9981a2de39bf9b21cc6a9
T05,Missing-outcome IPW and weighted refit,Post-hoc sensitivity; corrected observation weighting,2026-10-02 (associated result name); exact first run unknown,not independently recoverable,v2 correction date not independently logged,data/processed/homeacf_dpr_e1_fullrefit_v2.json,3cc3c82f42dbf1e2bb8c3c4209e078a99db7c5c7,not committed; exact file SHA-256 supplied,5203a7c7b99c6c82a31f07308c6ed1a4b580fe8a09189397660a3cba8c2bc42c
T06,Nested calibration,Post-hoc corrected nested design,Available by 2026-10-03 v0.10 audit; original first-run date unknown,not independently recoverable,Replaces non-nested version; exact revision time unavailable,docs/homeacf_dpr_nested_calibration_v1.md,3cc3c82f42dbf1e2bb8c3c4209e078a99db7c5c7,not committed; exact file SHA-256 supplied,0d5eb09521e73562ddf32cd667812bbb3e67950af973c08424095c7a36bf1376
T07,Charged two-wave budget audit,Post-hoc frozen score rule; prior parameter selection remains,Available by 2026-10-03 v0.10 audit; original first-run date unknown,not independently recoverable,2026-10-03 parameter audit,docs/homeacf_dpr_budget_audit_v2.md,3cc3c82f42dbf1e2bb8c3c4209e078a99db7c5c7,not committed; exact file SHA-256 supplied,978458f9fca15bd3dd4bc89ec5c7c7d07b74446d416bb9f4c79e5b7cd45e9c82
T08,Same-information comparators,Protocol fixed before this corrected run; post-hoc overall,2026-10-02 (protocol text); exact first run unknown,not independently recoverable,Fold isolation correction recorded in protocol,docs/dpr_same_information_baseline_protocol_v1.md,3cc3c82f42dbf1e2bb8c3c4209e078a99db7c5c7,not committed; exact file SHA-256 supplied,90f1add58cfe0f5e88d44ab218bb4acf0b914c23839d28a8b9ab1af2456e9124
T09,Predictor coding / availability,Post-hoc scenarios fixed before their runs,2026-10-02 (protocol text); exact first run unknown,not independently recoverable,"Scenarios separate, not combined",docs/dpr_feature_audit_protocol_v1.md,3cc3c82f42dbf1e2bb8c3c4209e078a99db7c5c7,not committed; exact file SHA-256 supplied,24e93dabb01d94623e14a2df4838f79c594990125f411e1fe17a0550a2efb9e9
T10,Strengthened known-truth simulation,Fixed before strengthened run; overall post-hoc,2026-10-02 19:56:43 completion (progress log); first run unknown,not independently recoverable,Historical failed experiments remain separately archived,data/processed/dpr_d1_strengthened_v1/progress.json,3cc3c82f42dbf1e2bb8c3c4209e078a99db7c5c7,not committed; exact file SHA-256 supplied,aa3e4c3a6b714e379cef64225a59d63cca301c1339be54eb27d654ec1ad8fb3a
T11,New ordering / parameter sensitivities,Post-hoc reviewer response; specified before new outputs,2026-10-03 (protocol created_utc records launch),2026-10-03T14:56:04.992314+00:00,Risk-order implementation corrected for nested fold isolation,data/processed/dpr_major_review_v011_20261003/analysis/protocol.json,3cc3c82f42dbf1e2bb8c3c4209e078a99db7c5c7,not committed; exact file SHA-256 supplied,db7de1dd912e5c1f6e6923c38f85e949ed26446330d500db66c1aab0055f14f5
T12,Interval-count harmonization,Post-hoc v0.12 amendment,2026-10-04 (protocol_amendment_v012.json),2026-10-04 for this amendment; earlier runs unchanged,1000 to 2000 saved-prediction household draws; no model fitting,experiments/dpr/run_reviewer_interval_harmonization_v012.py,3cc3c82f42dbf1e2bb8c3c4209e078a99db7c5c7,Not committed; exact execution-source SHA-256 supplied,e0afc908dca0fbf453483fc030fe6754580ad333f5604fc0f9d216d74a10be65
