model,total_budget,family,q,k,w,first_tests,second_tests,cascade_capture,static_capture,delta_pp,seed_min_pp,seed_max_pp
RF,0.1,w_q_surface,0.01,2,1,28,245,0.16963788300835653,0.16253481894150418,0.7103064066852368,-0.27855153203342475,1.6713091922005567
RF,0.1,w_q_surface,0.01,2,3,28,245,0.1733983286908078,0.16253481894150418,1.0863509749303626,-0.27855153203342475,2.228412256267409
RF,0.1,w_q_surface,0.01,2,5,28,245,0.17520891364902508,0.16253481894150418,1.2674094707520895,0.0,2.506963788300837
RF,0.1,w_q_surface,0.01,2,7,28,245,0.17632311977715878,0.16253481894150418,1.37883008356546,-0.27855153203342475,2.506963788300837
RF,0.1,w_q_surface,0.01,2,9,28,245,0.17590529247910863,0.16253481894150418,1.337047353760446,-0.27855153203342475,2.506963788300837
RF,0.1,w_q_surface,0.01,2,12,28,245,0.17590529247910863,0.16253481894150418,1.337047353760446,-0.27855153203342475,2.506963788300837
RF,0.1,w_q_surface,0.025,2,1,69,204,0.1750696378830083,0.16253481894150418,1.2534818941504184,0.27855153203342753,2.228412256267412
RF,0.1,w_q_surface,0.025,2,3,69,204,0.18217270194986074,0.16253481894150418,1.9637883008356547,0.8356545961002798,3.6211699164345412
RF,0.1,w_q_surface,0.025,2,5,69,204,0.18426183844011143,0.16253481894150418,2.1727019498607247,0.8356545961002798,3.6211699164345412
RF,0.1,w_q_surface,0.025,2,7,69,204,0.18467966573816158,0.16253481894150418,2.2144846796657394,0.8356545961002798,3.899721448467969
RF,0.1,w_q_surface,0.025,2,9,69,204,0.18467966573816158,0.16253481894150418,2.2144846796657394,0.8356545961002798,3.899721448467969
RF,0.1,w_q_surface,0.025,2,12,69,204,0.18467966573816158,0.16253481894150418,2.2144846796657394,0.8356545961002798,3.899721448467969
RF,0.1,w_q_surface,0.05,2,1,137,136,0.1817548746518106,0.16253481894150418,1.9220055710306418,0.5571030640668523,3.6211699164345412
RF,0.1,w_q_surface,0.05,2,3,137,136,0.19011142061281336,0.16253481894150418,2.757660167130921,0.8356545961002798,4.178272980501394
RF,0.1,w_q_surface,0.05,2,5,137,136,0.19066852367688022,0.16253481894150418,2.8133704735376055,0.8356545961002798,4.178272980501394
RF,0.1,w_q_surface,0.05,2,7,137,136,0.1905292479108635,0.16253481894150418,2.799442896935934,0.8356545961002798,4.178272980501394
RF,0.1,w_q_surface,0.05,2,9,137,136,0.1905292479108635,0.16253481894150418,2.799442896935934,0.8356545961002798,4.178272980501394
RF,0.1,w_q_surface,0.05,2,12,137,136,0.1905292479108635,0.16253481894150418,2.799442896935934,0.8356545961002798,4.178272980501394
RF,0.1,w_q_surface,0.075,2,1,205,68,0.18649025069637884,0.16253481894150418,2.3955431754874663,0.8356545961002798,4.178272980501394
RF,0.1,w_q_surface,0.075,2,3,205,68,0.19303621169916435,0.16253481894150418,3.050139275766018,0.27855153203342753,5.571030640668526
RF,0.1,w_q_surface,0.075,2,5,205,68,0.19387186629526462,0.16253481894150418,3.133704735376045,0.5571030640668523,6.128133704735378
RF,0.1,w_q_surface,0.075,2,7,205,68,0.19331476323119778,0.16253481894150418,3.07799442896936,0.5571030640668523,5.84958217270195
RF,0.1,w_q_surface,0.075,2,9,205,68,0.1934540389972145,0.16253481894150418,3.0919220055710315,0.5571030640668523,5.84958217270195
RF,0.1,w_q_surface,0.075,2,12,205,68,0.1934540389972145,0.16253481894150418,3.0919220055710315,0.5571030640668523,5.84958217270195
RF,0.1,k_sensitivity,0.05,0.5,7,137,136,0.1905292479108635,0.16253481894150418,2.799442896935934,0.8356545961002798,4.178272980501394
RF,0.1,k_sensitivity,0.05,1,7,137,136,0.1905292479108635,0.16253481894150418,2.799442896935934,0.8356545961002798,4.178272980501394
RF,0.1,k_sensitivity,0.05,2,7,137,136,0.1905292479108635,0.16253481894150418,2.799442896935934,0.8356545961002798,4.178272980501394
RF,0.1,k_sensitivity,0.05,4,7,137,136,0.19066852367688022,0.16253481894150418,2.8133704735376055,0.8356545961002798,4.178272980501394
RF,0.1,k_sensitivity,0.05,8,7,137,136,0.18969359331476324,0.16253481894150418,2.7158774373259065,1.1142061281337046,3.899721448467969
RF,0.2,w_q_surface,0.01,2,1,28,517,0.32130919220055715,0.3183844011142062,0.2924791086350975,-0.27855153203342753,1.1142061281337046
RF,0.2,w_q_surface,0.01,2,3,28,517,0.32256267409470757,0.3183844011142062,0.417827298050139,0.0,1.1142061281337046
RF,0.2,w_q_surface,0.01,2,5,28,517,0.3264623955431756,0.3183844011142062,0.8077994428969355,0.0,1.671309192200554
RF,0.2,w_q_surface,0.01,2,7,28,517,0.32715877437325913,0.3183844011142062,0.8774373259052917,0.0,1.671309192200554
RF,0.2,w_q_surface,0.01,2,9,28,517,0.3278551532033427,0.3183844011142062,0.947075208913648,0.0,1.9498607242339816
RF,0.2,w_q_surface,0.01,2,12,28,517,0.3288300835654596,0.3183844011142062,1.0445682451253477,-0.27855153203342753,2.228412256267409
RF,0.2,w_q_surface,0.025,2,1,69,476,0.3232590529247911,0.3183844011142062,0.4874651810584954,-0.5571030640668551,1.1142061281337046
RF,0.2,w_q_surface,0.025,2,3,69,476,0.32771587743732594,0.3183844011142062,0.9331476323119776,-0.835654596100277,2.228412256267409
RF,0.2,w_q_surface,0.025,2,5,69,476,0.3313370473537605,0.3183844011142062,1.2952646239554313,-0.278551532033422,2.228412256267409
RF,0.2,w_q_surface,0.025,2,7,69,476,0.3327298050139276,0.3183844011142062,1.4345403899721452,-0.278551532033422,3.064066852367686
RF,0.2,w_q_surface,0.025,2,9,69,476,0.3357938718662953,0.3183844011142062,1.7409470752089131,0.0,3.6211699164345355
RF,0.2,w_q_surface,0.025,2,12,69,476,0.33649025069637883,0.3183844011142062,1.81058495821727,0.27855153203342753,3.899721448467963
RF,0.2,w_q_surface,0.05,2,1,137,408,0.326740947075209,0.3183844011142062,0.8356545961002784,-0.278551532033422,1.9498607242339816
RF,0.2,w_q_surface,0.05,2,3,137,408,0.33328690807799444,0.3183844011142062,1.4902506963788291,-0.5571030640668495,3.3426183844011135
RF,0.2,w_q_surface,0.05,2,5,137,408,0.3383008356545961,0.3183844011142062,1.9916434540389962,0.27855153203342753,3.6211699164345355
RF,0.2,w_q_surface,0.05,2,7,137,408,0.34317548746518106,0.3183844011142062,2.4791086350974925,0.8356545961002826,4.456824512534818
RF,0.2,w_q_surface,0.05,2,9,137,408,0.34289693593314763,0.3183844011142062,2.45125348189415,0.835654596100277,4.456824512534818
RF,0.2,w_q_surface,0.05,2,12,137,408,0.34289693593314763,0.3183844011142062,2.45125348189415,0.835654596100277,4.456824512534818
RF,0.2,w_q_surface,0.075,2,1,205,340,0.33105849582172703,0.3183844011142062,1.2674094707520882,0.0,3.3426183844011135
RF,0.2,w_q_surface,0.075,2,3,205,340,0.34122562674094714,0.3183844011142062,2.284122562674094,0.5571030640668551,4.178272980501391
RF,0.2,w_q_surface,0.075,2,5,205,340,0.3481894150417827,0.3183844011142062,2.9805013927576596,1.1142061281337046,5.0139275766016675
RF,0.2,w_q_surface,0.075,2,7,205,340,0.35069637883008353,0.3183844011142062,3.231197771587742,0.27855153203342753,5.84958217270195
RF,0.2,w_q_surface,0.075,2,9,205,340,0.35069637883008353,0.3183844011142062,3.231197771587742,0.27855153203342753,5.84958217270195
RF,0.2,w_q_surface,0.075,2,12,205,340,0.35069637883008353,0.3183844011142062,3.231197771587742,0.27855153203342753,5.84958217270195
RF,0.2,k_sensitivity,0.05,0.5,7,137,408,0.34289693593314763,0.3183844011142062,2.45125348189415,0.835654596100277,4.456824512534818
RF,0.2,k_sensitivity,0.05,1,7,137,408,0.34289693593314763,0.3183844011142062,2.45125348189415,0.835654596100277,4.456824512534818
RF,0.2,k_sensitivity,0.05,2,7,137,408,0.34317548746518106,0.3183844011142062,2.4791086350974925,0.8356545961002826,4.456824512534818
RF,0.2,k_sensitivity,0.05,4,7,137,408,0.3363509749303622,0.3183844011142062,1.7966573816155982,-0.278551532033422,3.3426183844011135
RF,0.2,k_sensitivity,0.05,8,7,137,408,0.33203342618384407,0.3183844011142062,1.3649025069637877,0.27855153203342753,2.506963788300831
RF,0.3,w_q_surface,0.01,2,1,28,790,0.46295264623955434,0.4615598885793871,0.13927576601671293,0.0,0.5571030640668495
RF,0.3,w_q_surface,0.01,2,3,28,790,0.4633704735376045,0.4615598885793871,0.18105849582172706,-0.278551532033422,0.5571030640668551
RF,0.3,w_q_surface,0.01,2,5,28,790,0.46420612813370477,0.4615598885793871,0.2646239554317545,-0.5571030640668495,0.835654596100277
RF,0.3,w_q_surface,0.01,2,7,28,790,0.46587743732590525,0.4615598885793871,0.43175487465181017,-0.27855153203342753,1.9498607242339816
RF,0.3,w_q_surface,0.01,2,9,28,790,0.46824512534818935,0.4615598885793871,0.668523676880223,0.0,1.9498607242339816
RF,0.3,w_q_surface,0.01,2,12,28,790,0.4697771587743732,0.4615598885793871,0.8217270194986078,0.0,2.506963788300837
RF,0.3,w_q_surface,0.025,2,1,69,749,0.4642061281337047,0.4615598885793871,0.2646239554317545,-0.5571030640668551,0.835654596100277
RF,0.3,w_q_surface,0.025,2,3,69,749,0.46754874651810585,0.4615598885793871,0.5988857938718661,-0.278551532033422,1.9498607242339816
RF,0.3,w_q_surface,0.025,2,5,69,749,0.4694986072423398,0.4615598885793871,0.7938718662952648,-0.27855153203342753,2.506963788300837
RF,0.3,w_q_surface,0.025,2,7,69,749,0.4729805013927577,0.4615598885793871,1.1420612813370479,0.0,3.064066852367686
RF,0.3,w_q_surface,0.025,2,9,69,749,0.4750696378830083,0.4615598885793871,1.350974930362117,-0.5571030640668551,3.899721448467969
RF,0.3,w_q_surface,0.025,2,12,69,749,0.4756267409470752,0.4615598885793871,1.4066852367688032,-0.27855153203342753,4.178272980501391
RF,0.3,w_q_surface,0.05,2,1,137,681,0.4669916434540391,0.4615598885793871,0.543175487465182,-0.5571030640668551,1.392757660167132
RF,0.3,w_q_surface,0.05,2,3,137,681,0.47144846796657386,0.4615598885793871,0.9888579387186633,-0.5571030640668495,3.064066852367686
RF,0.3,w_q_surface,0.05,2,5,137,681,0.4759052924791087,0.4615598885793871,1.4345403899721454,0.0,4.735376044568246
RF,0.3,w_q_surface,0.05,2,7,137,681,0.47715877437325904,0.4615598885793871,1.5598885793871873,-0.5571030640668551,5.013927576601674
RF,0.3,w_q_surface,0.05,2,9,137,681,0.4807799442896936,0.4615598885793871,1.922005571030641,-0.5571030640668495,5.013927576601674
RF,0.3,w_q_surface,0.05,2,12,137,681,0.48231197771587747,0.4615598885793871,2.0752089136490257,-0.5571030640668495,5.013927576601674
RF,0.3,w_q_surface,0.075,2,1,205,613,0.46824512534818946,0.4615598885793871,0.668523676880223,-0.27855153203342753,1.671309192200554
RF,0.3,w_q_surface,0.075,2,3,205,613,0.47827298050139283,0.4615598885793871,1.6713091922005578,-0.835654596100277,5.013927576601674
RF,0.3,w_q_surface,0.075,2,5,205,613,0.48300835654596097,0.4615598885793871,2.1448467966573816,0.5571030640668495,5.84958217270195
RF,0.3,w_q_surface,0.075,2,7,205,613,0.48607242339832873,0.4615598885793871,2.451253481894151,0.27855153203342753,6.4066852367688
RF,0.3,w_q_surface,0.075,2,9,205,613,0.4878830083565459,0.4615598885793871,2.6323119777158777,-0.5571030640668495,6.963788300835655
RF,0.3,w_q_surface,0.075,2,12,205,613,0.49066852367688024,0.4615598885793871,2.910863509749304,-0.27855153203342753,6.685236768802233
RF,0.3,k_sensitivity,0.05,0.5,7,137,681,0.48300835654596097,0.4615598885793871,2.1448467966573825,-0.5571030640668495,5.013927576601674
RF,0.3,k_sensitivity,0.05,1,7,137,681,0.4814763231197771,0.4615598885793871,1.9916434540389976,-0.27855153203342753,4.456824512534818
RF,0.3,k_sensitivity,0.05,2,7,137,681,0.47715877437325904,0.4615598885793871,1.5598885793871873,-0.5571030640668551,5.013927576601674
RF,0.3,k_sensitivity,0.05,4,7,137,681,0.4766016713091922,0.4615598885793871,1.504178272980502,0.278551532033422,4.456824512534818
RF,0.3,k_sensitivity,0.05,8,7,137,681,0.47089136490250694,0.4615598885793871,0.9331476323119777,-0.278551532033422,2.228412256267409
LR,0.1,w_q_surface,0.01,2,1,28,245,0.18064066852367688,0.1766016713091922,0.4038997214484678,-0.27855153203342753,1.1142061281337046
LR,0.1,w_q_surface,0.01,2,3,28,245,0.18857938718662953,0.1766016713091922,1.197771587743733,0.27855153203342475,2.228412256267412
LR,0.1,w_q_surface,0.01,2,5,28,245,0.18871866295264622,0.1766016713091922,1.2116991643454043,0.0,2.5069637883008338
LR,0.1,w_q_surface,0.01,2,7,28,245,0.18802228412256267,0.1766016713091922,1.1420612813370474,-0.5571030640668523,2.785515320334264
LR,0.1,w_q_surface,0.01,2,9,28,245,0.1874651810584958,0.1766016713091922,1.0863509749303624,-0.8356545961002798,2.785515320334264
LR,0.1,w_q_surface,0.01,2,12,28,245,0.18816155988857938,0.1766016713091922,1.1559888579387192,-0.835654596100277,2.785515320334264
LR,0.1,w_q_surface,0.025,2,1,69,204,0.1842618384401114,0.1766016713091922,0.7660167130919222,-0.8356545961002798,1.9498607242339845
LR,0.1,w_q_surface,0.025,2,3,69,204,0.1966573816155989,0.1766016713091922,2.0055710306406693,0.27855153203342753,3.6211699164345412
LR,0.1,w_q_surface,0.025,2,5,69,204,0.1966573816155989,0.1766016713091922,2.0055710306406693,0.0,3.6211699164345412
LR,0.1,w_q_surface,0.025,2,7,69,204,0.1945682451253482,0.1766016713091922,1.7966573816155997,-0.27855153203342753,3.3426183844011166
LR,0.1,w_q_surface,0.025,2,9,69,204,0.1940111420612813,0.1766016713091922,1.7409470752089145,-0.27855153203342753,3.3426183844011166
LR,0.1,w_q_surface,0.025,2,12,69,204,0.1938718662952646,0.1766016713091922,1.7270194986072427,-0.27855153203342753,3.3426183844011166
LR,0.1,w_q_surface,0.05,2,1,137,136,0.18955431754874652,0.1766016713091922,1.2952646239554322,0.27855153203342753,2.7855153203342615
LR,0.1,w_q_surface,0.05,2,3,137,136,0.2062674094707521,0.1766016713091922,2.9665738161559894,1.392757660167132,5.013927576601674
LR,0.1,w_q_surface,0.05,2,5,137,136,0.20779944289693592,0.1766016713091922,3.1197771587743737,1.392757660167132,5.013927576601674
LR,0.1,w_q_surface,0.05,2,7,137,136,0.20766016713091923,0.1766016713091922,3.105849582172702,1.392757660167132,5.013927576601674
LR,0.1,w_q_surface,0.05,2,9,137,136,0.20766016713091923,0.1766016713091922,3.105849582172702,1.392757660167132,5.013927576601674
LR,0.1,w_q_surface,0.05,2,12,137,136,0.20766016713091923,0.1766016713091922,3.105849582172702,1.392757660167132,5.013927576601674
LR,0.1,w_q_surface,0.075,2,1,205,68,0.19623955431754875,0.1766016713091922,1.9637883008356554,0.8356545961002798,3.6211699164345412
LR,0.1,w_q_surface,0.075,2,3,205,68,0.21350974930362118,0.1766016713091922,3.6908077994428967,2.228412256267409,5.571030640668526
LR,0.1,w_q_surface,0.075,2,5,205,68,0.21545961002785513,0.1766016713091922,3.8857938718662957,1.6713091922005567,5.84958217270195
LR,0.1,w_q_surface,0.075,2,7,205,68,0.21434540389972145,0.1766016713091922,3.774373259052925,1.6713091922005567,5.571030640668526
LR,0.1,w_q_surface,0.075,2,9,205,68,0.21420612813370474,0.1766016713091922,3.7604456824512535,1.392757660167132,5.571030640668523
LR,0.1,w_q_surface,0.075,2,12,205,68,0.21406685236768802,0.1766016713091922,3.746518105849582,1.392757660167132,5.84958217270195
LR,0.1,k_sensitivity,0.05,0.5,7,137,136,0.20766016713091923,0.1766016713091922,3.105849582172702,1.392757660167132,5.013927576601674
LR,0.1,k_sensitivity,0.05,1,7,137,136,0.20766016713091923,0.1766016713091922,3.105849582172702,1.392757660167132,5.013927576601674
LR,0.1,k_sensitivity,0.05,2,7,137,136,0.20766016713091923,0.1766016713091922,3.105849582172702,1.392757660167132,5.013927576601674
LR,0.1,k_sensitivity,0.05,4,7,137,136,0.20779944289693592,0.1766016713091922,3.1197771587743737,1.1142061281337046,5.013927576601674
LR,0.1,k_sensitivity,0.05,8,7,137,136,0.20459610027855155,0.1766016713091922,2.799442896935934,1.1142061281337046,5.013927576601674
LR,0.2,w_q_surface,0.01,2,1,28,517,0.3335654596100279,0.327158774373259,0.6406685236768803,-0.27855153203342753,1.6713091922005596
LR,0.2,w_q_surface,0.01,2,3,28,517,0.3337047353760446,0.327158774373259,0.6545961002785516,-0.835654596100277,1.6713091922005596
LR,0.2,w_q_surface,0.01,2,5,28,517,0.3350974930362117,0.327158774373259,0.7938718662952639,-1.1142061281337046,1.9498607242339816
LR,0.2,w_q_surface,0.01,2,7,28,517,0.33412256267409474,0.327158774373259,0.6963788300835655,-1.1142061281337046,2.228412256267409
LR,0.2,w_q_surface,0.01,2,9,28,517,0.33398328690807805,0.327158774373259,0.6824512534818944,-0.835654596100277,2.506963788300837
LR,0.2,w_q_surface,0.01,2,12,28,517,0.33328690807799444,0.327158774373259,0.6128133704735378,-1.392757660167132,2.506963788300837
LR,0.2,w_q_surface,0.025,2,1,69,476,0.33635097493036215,0.327158774373259,0.9192200557103064,-0.278551532033422,1.9498607242339816
LR,0.2,w_q_surface,0.025,2,3,69,476,0.33788300835654594,0.327158774373259,1.0724233983286904,0.0,1.9498607242339816
LR,0.2,w_q_surface,0.025,2,5,69,476,0.3366295264623956,0.327158774373259,0.9470752089136484,-0.27855153203342753,2.228412256267409
LR,0.2,w_q_surface,0.025,2,7,69,476,0.33523676880222847,0.327158774373259,0.8077994428969356,-1.1142061281337046,2.506963788300837
LR,0.2,w_q_surface,0.025,2,9,69,476,0.3350974930362117,0.327158774373259,0.7938718662952648,-1.1142061281337046,2.506963788300837
LR,0.2,w_q_surface,0.025,2,12,69,476,0.33286908077994426,0.327158774373259,0.5710306406685239,-1.1142061281337046,2.785515320334259
LR,0.2,w_q_surface,0.05,2,1,137,408,0.33983286908078003,0.327158774373259,1.267409470752089,0.27855153203342753,2.228412256267409
LR,0.2,w_q_surface,0.05,2,3,137,408,0.34428969359331474,0.327158774373259,1.7130919220055707,-0.27855153203342753,3.6211699164345412
LR,0.2,w_q_surface,0.05,2,5,137,408,0.34261838440111425,0.327158774373259,1.545961002785515,-0.27855153203342753,3.3426183844011135
LR,0.2,w_q_surface,0.05,2,7,137,408,0.34178272980501395,0.327158774373259,1.4623955431754871,-0.835654596100277,3.6211699164345355
LR,0.2,w_q_surface,0.05,2,9,137,408,0.3406685236768802,0.327158774373259,1.3509749303621164,-0.5571030640668551,3.6211699164345355
LR,0.2,w_q_surface,0.05,2,12,137,408,0.34275766016713094,0.327158774373259,1.5598885793871873,-0.27855153203342753,3.899721448467969
LR,0.2,w_q_surface,0.075,2,1,205,340,0.3423398328690808,0.327158774373259,1.5181058495821722,0.0,2.506963788300837
LR,0.2,w_q_surface,0.075,2,3,205,340,0.34916434540389973,0.327158774373259,2.200557103064067,0.835654596100277,3.6211699164345355
LR,0.2,w_q_surface,0.075,2,5,205,340,0.34721448467966576,0.327158774373259,2.0055710306406684,0.0,3.6211699164345412
LR,0.2,w_q_surface,0.075,2,7,205,340,0.3488857938718663,0.327158774373259,2.1727019498607243,0.27855153203342753,4.178272980501396
LR,0.2,w_q_surface,0.075,2,9,205,340,0.35041782729805016,0.327158774373259,2.325905292479108,0.5571030640668495,4.735376044568246
LR,0.2,w_q_surface,0.075,2,12,205,340,0.35069637883008353,0.327158774373259,2.3537604456824504,0.5571030640668495,4.735376044568246
LR,0.2,k_sensitivity,0.05,0.5,7,137,408,0.34289693593314763,0.327158774373259,1.5738161559888584,0.0,3.899721448467969
LR,0.2,k_sensitivity,0.05,1,7,137,408,0.34178272980501395,0.327158774373259,1.4623955431754871,-0.5571030640668551,4.178272980501391
LR,0.2,k_sensitivity,0.05,2,7,137,408,0.34178272980501395,0.327158774373259,1.4623955431754871,-0.835654596100277,3.6211699164345355
LR,0.2,k_sensitivity,0.05,4,7,137,408,0.34401114206128136,0.327158774373259,1.6852367688022278,-0.27855153203342753,3.3426183844011135
LR,0.2,k_sensitivity,0.05,8,7,137,408,0.34540389972144847,0.327158774373259,1.8245125348189413,0.0,3.6211699164345412
LR,0.3,w_q_surface,0.01,2,1,28,790,0.49805013927576597,0.49484679665738157,0.3203342618384397,0.0,1.392757660167132
LR,0.3,w_q_surface,0.01,2,3,28,790,0.4981894150417827,0.49484679665738157,0.3342618384401097,-0.2785515320334331,1.671309192200554
LR,0.3,w_q_surface,0.01,2,5,28,790,0.4974930362116991,0.49484679665738157,0.26462395543175393,-0.2785515320334331,1.392757660167132
LR,0.3,w_q_surface,0.01,2,7,28,790,0.4969359331476322,0.49484679665738157,0.20891364902506812,-0.8356545961002826,1.392757660167132
LR,0.3,w_q_surface,0.01,2,9,28,790,0.49526462395543175,0.49484679665738157,0.041782729805012464,-1.1142061281337046,1.392757660167132
LR,0.3,w_q_surface,0.01,2,12,28,790,0.495125348189415,0.49484679665738157,0.02785515320334137,-0.8356545961002826,1.671309192200554
LR,0.3,w_q_surface,0.025,2,1,69,749,0.4995821727019498,0.49484679665738157,0.47353760445682425,-0.5571030640668495,1.392757660167132
LR,0.3,w_q_surface,0.025,2,3,69,749,0.4984679665738162,0.49484679665738157,0.36211699164345273,-0.835654596100277,1.392757660167132
LR,0.3,w_q_surface,0.025,2,5,69,749,0.49275766016713096,0.49484679665738157,-0.2089136490250709,-1.3927576601671376,0.835654596100277
LR,0.3,w_q_surface,0.025,2,7,69,749,0.49136490250696385,0.49484679665738157,-0.3481894150417833,-1.9498607242339872,1.392757660167132
LR,0.3,w_q_surface,0.025,2,9,69,749,0.488857938718663,0.49484679665738157,-0.5988857938718667,-2.785515320334264,1.1142061281337046
LR,0.3,w_q_surface,0.025,2,12,69,749,0.486908077994429,0.49484679665738157,-0.7938718662952658,-3.3426183844011135,1.1142061281337046
LR,0.3,w_q_surface,0.05,2,1,137,681,0.5012534818941503,0.49484679665738157,0.6406685236768792,0.0,1.671309192200554
LR,0.3,w_q_surface,0.05,2,3,137,681,0.49735376044568247,0.49484679665738157,0.25069637883008256,-0.835654596100277,1.392757660167132
LR,0.3,w_q_surface,0.05,2,5,137,681,0.48983286908077994,0.49484679665738157,-0.5013927576601684,-1.9498607242339872,0.5571030640668551
LR,0.3,w_q_surface,0.05,2,7,137,681,0.48621169916434537,0.49484679665738157,-0.8635097493036222,-2.228412256267409,1.1142061281337046
LR,0.3,w_q_surface,0.05,2,9,137,681,0.48342618384401115,0.49484679665738157,-1.1420612813370488,-2.785515320334264,1.1142061281337046
LR,0.3,w_q_surface,0.05,2,12,137,681,0.4814763231197772,0.49484679665738157,-1.3370473537604466,-3.6211699164345412,1.671309192200554
LR,0.3,w_q_surface,0.075,2,1,205,613,0.5011142061281337,0.49484679665738157,0.6267409470752072,0.0,1.392757660167121
LR,0.3,w_q_surface,0.075,2,3,205,613,0.4942896935933147,0.49484679665738157,-0.05571030640668633,-1.6713091922005596,1.392757660167132
LR,0.3,w_q_surface,0.075,2,5,205,613,0.487883008356546,0.49484679665738157,-0.6963788300835666,-2.506963788300842,1.671309192200554
LR,0.3,w_q_surface,0.075,2,7,205,613,0.4850974930362118,0.49484679665738157,-0.9749303621169927,-3.3426183844011192,2.228412256267409
LR,0.3,w_q_surface,0.075,2,9,205,613,0.48412256267409476,0.49484679665738157,-1.0724233983286915,-4.178272980501396,2.506963788300831
LR,0.3,w_q_surface,0.075,2,12,205,613,0.48412256267409476,0.49484679665738157,-1.072423398328692,-4.456824512534824,3.064066852367686
LR,0.3,k_sensitivity,0.05,0.5,7,137,681,0.4799442896935934,0.49484679665738157,-1.490250696378832,-3.899721448467969,2.506963788300831
LR,0.3,k_sensitivity,0.05,1,7,137,681,0.48342618384401115,0.49484679665738157,-1.1420612813370479,-3.0640668523676915,1.6713091922005596
LR,0.3,k_sensitivity,0.05,2,7,137,681,0.48621169916434537,0.49484679665738157,-0.8635097493036222,-2.228412256267409,1.1142061281337046
LR,0.3,k_sensitivity,0.05,4,7,137,681,0.49247910863509753,0.49484679665738157,-0.2367688022284134,-1.6713091922005596,1.671309192200554
LR,0.3,k_sensitivity,0.05,8,7,137,681,0.4981894150417826,0.49484679665738157,0.33426183844011054,-0.835654596100277,1.671309192200554
