auroc,auprc,free_capture_10,descriptive_nns_10,scenario,model,delta_auroc,conditional_ci95,delta_seed_range,capture_seed_range,delta_free_capture_pp
0.6440512883302684,0.19356384428500434,0.16253481894150418,4.7104183274748035,random,rf_base,0.0,"[0.0, 0.0]","[0.0, 0.0]","[0.1392757660167131, 0.1894150417827298]",0.0
0.7141509122974732,0.2851252974956145,0.26183844011142066,2.9103174791278756,random,rf_four,0.07009962396720489,"[0.047481206541273864, 0.09204240720536086]","[0.05580566851190383, 0.08083410054697826]","[0.24233983286908078, 0.28969359331476324]",9.930362116991645
0.7160583309983354,0.30972504001915613,0.28537604456824517,2.6682732742196213,random,lr_eb,0.05903697224138621,"[0.037202872576736254, 0.0799491805719519]","[0.05316613962424965, 0.06449657049614199]","[0.27298050139275765, 0.30919220055710306]",10.877437325905293
0.6570213587569491,0.2064916778506248,0.1766016713091922,4.32585881989511,random,lr_base,0.0,"[0.0, 0.0]","[0.0, 0.0]","[0.15041782729805014, 0.20055710306406685]",0.0
0.7164664454893723,0.308504344195976,0.2828690807799444,2.691256232531267,random,lr_four,0.059445086732423345,"[0.03724710569960184, 0.08097797110442019]","[0.048292076468635314, 0.06760937798006583]","[0.2646239554317549, 0.3008356545961003]",10.626740947075211
0.6440512883302684,0.19356384428500434,0.16253481894150418,4.7104183274748035,age_ascending,rf_base,0.0,"[0.0, 0.0]","[0.0, 0.0]","[0.1392757660167131, 0.1894150417827298]",0.0
0.715069743840903,0.30144371707752227,0.2955431754874652,2.576558243906109,age_ascending,rf_four,0.07101845551063465,"[0.04708107511989847, 0.09391557519440773]","[0.06182525424008167, 0.07901986592794397]","[0.27298050139275765, 0.31754874651810583]",13.3008356545961
0.714672578332317,0.3139603241488164,0.29777158774373264,2.5553822919491904,age_ascending,lr_eb,0.057651219575367854,"[0.037102964338289954, 0.07798358798322609]","[0.0524668175193137, 0.06284362733902049]","[0.2785515320334262, 0.3064066852367688]",12.116991643454037
0.6570213587569491,0.2064916778506248,0.1766016713091922,4.32585881989511,age_ascending,lr_base,0.0,"[0.0, 0.0]","[0.0, 0.0]","[0.15041782729805014, 0.20055710306406685]",0.0
0.7100950206853357,0.313282167060058,0.29512534818941505,2.5776263738612757,age_ascending,lr_four,0.053073661928386584,"[0.0328143667102312, 0.07237087936634475]","[0.04552186617753351, 0.06066678125816749]","[0.28133704735376047, 0.30362116991643456]",11.852367688022287
0.6440512883302684,0.19356384428500434,0.16253481894150418,4.7104183274748035,age_descending,rf_base,0.0,"[0.0, 0.0]","[0.0, 0.0]","[0.1392757660167131, 0.1894150417827298]",0.0
0.7201340014174813,0.26694562493165963,0.21963788300835657,3.4672268993670494,age_descending,rf_four,0.07608271308721275,"[0.0485922330886065, 0.10250154863538191]","[0.0678942869857806, 0.08784969048521674]","[0.20334261838440112, 0.23676880222841226]",5.710306406685238
0.7234299394627228,0.30735709200435857,0.2619777158774373,2.9052638781612705,age_descending,lr_eb,0.06640858070577375,"[0.04244754749829821, 0.08947441854549124]","[0.06238683108192433, 0.07122842873860669]","[0.2479108635097493, 0.2785515320334262]",8.537604456824512
0.6570213587569491,0.2064916778506248,0.1766016713091922,4.32585881989511,age_descending,lr_base,0.0,"[0.0, 0.0]","[0.0, 0.0]","[0.15041782729805014, 0.20055710306406685]",0.0
0.7307634619505199,0.30822589034530684,0.26253481894150416,2.8993868153217086,age_descending,lr_four,0.07374210319357094,"[0.04804719163766225, 0.09898386647984465]","[0.06826984885694987, 0.08019599855897264]","[0.2479108635097493, 0.2785515320334262]",8.593314763231197
0.6440512883302684,0.19356384428500434,0.16253481894150418,4.7104183274748035,baseline_score_descending_nested,rf_base,0.0,"[0.0, 0.0]","[0.0, 0.0]","[0.1392757660167131, 0.1894150417827298]",0.0
0.7186300468333895,0.264336845103375,0.2240947075208914,3.3984000871837035,baseline_score_descending_nested,rf_four,0.074578758503121,"[0.04998032746135418, 0.09893053796387523]","[0.06277063412268036, 0.08205614826570462]","[0.2116991643454039, 0.2479108635097493]",6.155988857938719
0.721934402644709,0.30449012175856177,0.2662952646239555,2.857876004252259,baseline_score_descending_nested,lr_eb,0.06491304388775998,"[0.04155799097166719, 0.08723213288073862]","[0.058585297282533144, 0.0714403445279812]","[0.25348189415041783, 0.28133704735376047]",8.969359331476321
0.6570213587569491,0.2064916778506248,0.1766016713091922,4.32585881989511,baseline_score_descending_nested,lr_base,0.0,"[0.0, 0.0]","[0.0, 0.0]","[0.15041782729805014, 0.20055710306406685]",0.0
0.7292610967348486,0.3067934057768579,0.2610027855153203,2.915644427862776,baseline_score_descending_nested,lr_four,0.07223973797789957,"[0.04805118446613614, 0.09587226966126029]","[0.06470613166563455, 0.07897159622036432]","[0.24512534818941503, 0.27298050139275765]",8.440111420612814
